
--**********************************************************************************************-
/* employees */
--**********************************************************************************************-

	insert into employees values('E0001','ZELALEM','MANDEFRO','MELAKU','M','1950-01-01','Ethiopia','918619704','EMEBETID1@gmail.Com','1990-12-05',32000)
	insert into employees values('E0002','EMEBET','WORKU','NEGUSSE','F','1950-01-02','Ethiopia','983335662','emebetworku211912@gmail.com','1990-12-06',22000)
	insert into employees values('E0003','YARED','SEMA','DEMILE','M','1950-01-03','Ethiopia','938071525','ephrata0812@gmail.com','1990-12-07',16000)
	insert into employees values('E0004','YOSEPH','TADELE','ZEWEDE','M','1950-01-04','Ethiopia','934777612','www.jossyand18@gmail.com','1990-12-08',15000)
	insert into employees values('E0005','MENGISTU','ENDALAMAW','SNSHAW','M','1950-01-05','Ethiopia','945842514','yaklilu12@gmail.com','1990-12-09',21000)
	insert into employees values('E0006','FRANCHISCOS','MATEWOS','DALISHO','M','1950-01-06','Ethiopia','925149717','franciscosmatewos@gmail.com','1990-12-10',16000)
	insert into employees values('E0007','DURESA','MOTI','GOBENA','M','1969-12-11','Ethiopia','904775008','duresamoti@gmail.com','2000-12-11',11000)
	insert into employees values('E0008','SIMALE','BERCHU','BERISO','M','1969-12-12','Ethiopia','923378258','yadber58@gmail.com','2000-12-12',32000)
	insert into employees values('E0009','NEBIYU','AYDAGNUHIM','BERISO','M','1969-12-13','Ethiopia','938430797','ayatadesse.tegehn@gmail.com','2000-12-13',35000)
	insert into employees values('E0010','MUBAREK','TAHIR','HAJIABDULSELAM','F','1969-12-14','Ethiopia','982742632','Mubarektahirmube@gmail.com','2000-12-14',17000)
	insert into employees values('E0011','REDIET','FELEHA','FELEKE','F','1969-12-15','Ethiopia','984666401','kredifelicha@gmail.com','2000-12-15',27000)
	insert into employees values('E0012','ABEBE','FREW','TLAHUNE','F','1969-12-16','Ethiopia','946114085','zenebemequant@gmail.com','2000-12-16',26000)
	insert into employees values('E0013','YOHANES','HAILU','HABTEMICHAEL','M','1969-12-17','Ethiopia','923283471','Yohanesh24@gmail.com','2000-12-17',27000)
	insert into employees values('E0014','ABEBAYTU','ABEBE','WASIE','F','2000-03-18','Ethiopia','945570257','tiruylayew@gmail.com','2022-01-18',31000)
	insert into employees values('E0015','BILISUMA','YONAS','DABA','F','2000-03-19','Ethiopia','937658244','temarinet15@gmail.com','2022-01-19',13000)
	insert into employees values('E0016','SIMACHEW','AYANA','DESSIE','M','2000-03-20','Ethiopia','935458777','sisaydemeke1@gmail.com','2022-01-20',24000)
	insert into employees values('E0017','MINTESNOT','FIKRE','FERSHA','F','2000-03-21','Ethiopia','933711380','mintaminteman@gmail.com','2022-01-21',50000)
	insert into employees values('E0018','MARTA','ASSEFA','GINDO','M','2000-03-22','Ethiopia','917267391','asefagindo2@gmail.com','2022-01-22',13000)
	insert into employees values('E0019','YORDANOS','WULETAW','MEKONIN','F','2000-03-23','Ethiopia','918218444','yordanosw0@gmail.com','2022-01-23',28000)
	insert into employees values('E0020','LIDETU','BEKELE','BERASSO','F','2000-03-24','Ethiopia','949288861','esu12balew@gmail.com','2022-01-24',32000)
	insert into employees values('E0021','NATHAN','SOLOMON','GEBREHANNA','M','2000-03-25','Ethiopia','966495909','natshiuwow@gmail.com','2022-01-25',24000)
	insert into employees values('E0022','MEKIBEB','MEKONNEN','MUDA','F','2000-03-26','Ethiopia','934754165','mesmekmud@gmail.com','2022-01-26',21000)
	insert into employees values('E0023','ESAYAS','ASHENAFI','DANSARO','M','1990-12-27','Ethiopia','984807298','eendrias@gmail.com','2010-09-14',55000)
	insert into employees values('E0024','HAWI','DINSA','LEMI','F','1990-12-28','Ethiopia','942360283','dinsamoti@gmail.com','2010-09-15',19000)
	insert into employees values('E0025','ARJNA','DANIEL','GEBRU','F','1990-12-29','Ethiopia','914037433','TekDan321@gmail.com','2010-09-16',35000)
	insert into employees values('E0026','ABRAHAM','DEMEKE','ALEMU','F','1990-12-30','Ethiopia','967270567','28abrish@gmail.com','2010-09-17',28000)
	insert into employees values('E0027','ABRHAM','TESFAYE','TEGEGNWORK','M','1990-12-31','Ethiopia','972476098','abrhamtena@gmail.com','2010-09-18',40000)
	insert into employees values('E0028','EDENN','GEBRE','HAILE','F','1990-12-01','Ethiopia','945894664','edenlove498@gmail.com','2010-09-19',12365)
	insert into employees values('E0029','MINETESNOT','ZELEKE','ASTER','M','1990-12-12','Ethiopia','924329815','wotaderlankamo@gmail.com','2010-09-20',9965)
	insert into employees values('E0030','TADESE','ENDALEW','TESEMA','M','1990-12-19','Ethiopia','925447894','aberaaddisu920@gmail.com','2010-09-21',3658)
	




	SELECT*FROM Employees
	DELETE FROM Employees


	


--**********************************************************************************************-
/* Employee_Educational_Background */
--**********************************************************************************************-


	insert into Employee_Educational_Background values('E0001','Social Media Marketing','Diploma')
	insert into Employee_Educational_Background values('E0002','Email Marketing','Diploma')
	insert into Employee_Educational_Background values('E0003','Brand Management','BA')
	insert into Employee_Educational_Background values('E0004','Accountant ','BA')
	insert into Employee_Educational_Background values('E0005','Budget Analyst','BA')
	insert into Employee_Educational_Background values('E0006','Risk Specialist','BA')
	insert into Employee_Educational_Background values('E0007','Financial Examiners','MA')
	insert into Employee_Educational_Background values('E0008','Human Resources','MA')
	insert into Employee_Educational_Background values('E0009','International Human Resources','MA')
	insert into Employee_Educational_Background values('E0010','Training and Development ','MA')
	insert into Employee_Educational_Background values('E0011','HR Consultant','MA')
	insert into Employee_Educational_Background values('E0012','Executive Recruiter','BA')
	insert into Employee_Educational_Background values('E0013','Labor Relations Manager','MA')
	insert into Employee_Educational_Background values('E0014','HR Analytics Specialist','BA')
	insert into Employee_Educational_Background values('E0015','Sales','BA')
	insert into Employee_Educational_Background values('E0016','Financial','BA')
	insert into Employee_Educational_Background values('E0017','Computer and Information Systems','MA')
	insert into Employee_Educational_Background values('E0018','Public Relations','BA')
	insert into Employee_Educational_Background values('E0019','Human Resources','BA')
	insert into Employee_Educational_Background values('E0020','General Manager','BA')
	insert into Employee_Educational_Background values('E0021','Sales','BA')
	insert into Employee_Educational_Background values('E0022','Finance','MA')
	insert into Employee_Educational_Background values('E0023','Computer and Information Systems','Phd')
	insert into Employee_Educational_Background values('E0024','Accountant ','Phd')
	insert into Employee_Educational_Background values('E0025','Human Resources','Phd')
	insert into Employee_Educational_Background values('E0026','General Manager','Phd')
	insert into Employee_Educational_Background values('E0027',' Research analyst','Phd')
	insert into Employee_Educational_Background values('E0028',' R&D engineer','Phd')
	insert into Employee_Educational_Background values('E0029',' Research scientist','Phd')
	insert into Employee_Educational_Background values('E0030','Data scientist','Phd')
	

	SELECT*FROM Employee_Educational_Background
	DELETE FROM Employee_Educational_Background



--**********************************************************************************************-
/* Departments */
--**********************************************************************************************-



	INSERT INTO Departments VALUES 
	('d001','Marketing'),
	('d002','Finance'),
	('d003','Human Resources'),
	('d004','Development'),
	('d005','Quality Management'),
	('d006','Sales'),
	('d007','Research')

	SELECT*FROM Departments
	DELETE FROM Departments




--**********************************************************************************************-
/* Dept_manager */
--**********************************************************************************************-

	INSERT INTO Dept_manager
	VALUES
	('E0003','d001'),
	('E0007','d002'),
	('E0014','d003'),
	('E0023','d004'),
	('E0018','d005'),
	('E0021','d006'),
	('E0029','d007')

	SELECT*FROM Dept_manager
	DELETE FROM Dept_manager


--**********************************************************************************************-
/* Emp_dep */
--**********************************************************************************************-



	insert into Emp_dep values ('E0001','d001') 	
	insert into Emp_dep values ('E0002','d001') 
	insert into Emp_dep values ('E0003','d001') 
	insert into Emp_dep values ('E0004','d002') 
	insert into Emp_dep values ('E0005','d002') 
	insert into Emp_dep values ('E0006','d002') 
	insert into Emp_dep values ('E0007','d002') 
	insert into Emp_dep values ('E0008','d003') 
	insert into Emp_dep values ('E0009','d003') 
	insert into Emp_dep values ('E0010','d003') 
	insert into Emp_dep values ('E0011','d003') 
	insert into Emp_dep values ('E0012','d003') 
	insert into Emp_dep values ('E0013','d003') 
	insert into Emp_dep values ('E0014','d003') 
	insert into Emp_dep values ('E0015','d006') 
	insert into Emp_dep values ('E0016','d002') 
	insert into Emp_dep values ('E0017','d004') 
	insert into Emp_dep values ('E0018','d005') 
	insert into Emp_dep values ('E0019','d006') 
	insert into Emp_dep values ('E0020','d005') 
	insert into Emp_dep values ('E0021','d006') 
	insert into Emp_dep values ('E0022','d006') 
	insert into Emp_dep values ('E0023','d007') 
	insert into Emp_dep values ('E0024','d006') 
	insert into Emp_dep values ('E0025','d004') 
	insert into Emp_dep values ('E0026','d005') 
	insert into Emp_dep values ('E0027','d004') 
	insert into Emp_dep values ('E0028','d004') 
	insert into Emp_dep values ('E0029','d007') 
	insert into Emp_dep values ('E0030','d007') 




	SELECT*FROM Emp_dep
	DELETE FROM Emp_dep



--**********************************************************************************************-
/* Job */
--**********************************************************************************************-



	insert into jobs values('J0001','Social Media Marketing')
	insert into jobs values('J0002','Email Marketing')
	insert into jobs values('J0003','Brand Management')
	insert into jobs values('J0004','Accountant ')
	insert into jobs values('J0005','Budget Analyst')
	insert into jobs values('J0006','Risk Specialist')
	insert into jobs values('J0007','Financial Examiners')
	insert into jobs values('J0008','International Human Resources')
	insert into jobs values('J0009','Training and Development ')
	insert into jobs values('J0010','HR Consultant')
	insert into jobs values('J0011','Executive Recruiter')
	insert into jobs values('J0012','Labor Relations Manager')
	insert into jobs values('J0013','HR Analytics Specialist')
	insert into jobs values('J0014','Sales')
	insert into jobs values('J0015','Financial')
	insert into jobs values('J0016','Computer and Information Systems')
	insert into jobs values('J0017','Public Relations')
	insert into jobs values('J0018','Human Resources')
	insert into jobs values('J0019','Finance')
	insert into jobs values('J0020','General Manager')
	insert into jobs values('J0021',' Research analyst')
	insert into jobs values('J0022',' R&D engineer')
	insert into jobs values('J0023',' Research scientist')
	insert into jobs values('J0024','Data scientist')

	SELECT*FROM jobs
	DELETE FROM jobs


--**********************************************************************************************-
/* Job_salary */
--**********************************************************************************************-

	insert into Job_salary values ('J0001','Social Media Marketing','10000','45000')
	insert into Job_salary values ('J0002','Email Marketing','10000','35000')
	insert into Job_salary values ('J0003','Brand Management','20000','50000')
	insert into Job_salary values ('J0004','Accountant ','8000','25000')
	insert into Job_salary values ('J0005','Budget Analyst','12000','32000')
	insert into Job_salary values ('J0006','Risk Specialist','13000','25000')
	insert into Job_salary values ('J0007','Financial Examiners','9000','25000')
	insert into Job_salary values ('J0008','International Human Resources','15000','45000')
	insert into Job_salary values ('J0009','Training and Development ','6000','27000')
	insert into Job_salary values ('J0010','HR Consultant','18000','45000')
	insert into Job_salary values ('J0011','Executive Recruiter','12000','32000')
	insert into Job_salary values ('J0012','Labor Relations Manager','11000','34000')
	insert into Job_salary values ('J0013','HR Analytics Specialist','13000','38000')
	insert into Job_salary values ('J0014','Sales','9000','35000')
	insert into Job_salary values ('J0015','Financial','7000','25000')
	insert into Job_salary values ('J0016','Computer and Information Systems','20000','60000')
	insert into Job_salary values ('J0017','Public Relations','12000','25000')
	insert into Job_salary values ('J0018','Human Resources','22000','50000')
	insert into Job_salary values ('J0019','Finance','7000','25000')
	insert into Job_salary values ('J0020','General Manager','8000','45000')
	insert into Job_salary values ('J0021',' Research analyst','25000','50000')
	insert into Job_salary values ('J0022',' R&D engineer','23000','52000')
	insert into Job_salary values ('J0023',' Research scientist','22000','70000')
	insert into Job_salary values ('J0024','Data scientist','25000','70000')


	SELECT*FROM Job_salary
	DELETE FROM Job_salary




	----------------------------------------------------------------------------
	-- Woreda , Zone , Region
	----------------------------------------------------------------------------
INSERT INTO REGION 
Values
(1,'ADDISABABA'),
(2,'AFAR'),
(3,'AMHARA'),
(4,'Benshangulgumz'),
(5,'DIRE DAWA'),
(6,'GAMBELLA'),
(7,'HARERI'),
(8,'OROMIA'),
(9,'SIDAMA'),
(10,'SNNP'),
(11,'SOMALI'),
(12,'Tigray');


INSERT INTO ZONE
Values 
(1,'ADDISKETEMA', 1), 
(2,'AKAKI KALITI', 1), 
(3,'ARADA', 1), 
(4,'BOLE', 1), 
(5,'GULELLE', 1), 
(6,'KIRKOS', 1), 
(7,'KOLFE', 1), 
(8,'LEDETA', 1), 
(9,'LEMI KURA', 1), 
(10,'NEFAS SILK', 1), 
(11,'YEKA', 1), 
(12,'FIVE', 2), 
(13,'FOUR', 2), 
(14,'ONE', 2), 
(15,'THREE', 2), 
(16,'TWO', 2), 
(17,'AWI', 3), 
(18,'BAHIR DAR', 3), 
(19,'Bahr Dar', 3), 
(20,'DESSIE TOWN', 3), 
(21,'Gojam West', 3), 
(22,'GOJJAM EAST', 3), 
(23,'GOJJAM WEST', 3), 
(24,'GONDAR CENTRAL', 3), 
(25,'Gondar North', 3), 
(26,'GONDER NORTH', 3), 
(27,'GONDER SOUTH', 3), 
(28,'GONDER TOWN', 3), 
(29,'GONDER WEST', 3), 
(30,'OROMIA (AMHARA)', 3), 
(31,'SHOA NORTH(AMHARA)', 3), 
(32,'WAGHEMERA', 3), 
(33,'WOLLO NORTH', 3), 
(34,'WOLLO SOUTH', 3), 
(35,'ASSOSA', 4), 
(36,'ASSOSA TOWN', 4), 
(37,'KAMASH', 4), 
(38,'MAO KOMO', 4), 
(39,'METEKEL', 4), 
(40,'DIRE DAWA', 5), 
(41,'AGNUWA', 6), 
(42,'GAMBELLA', 6), 
(43,'ITANG', 6), 
(44,'MEZHENGER', 6), 
(45,'NUER', 6), 
(46,'HARARI', 7), 
(47,'ADAMA TOWN', 8), 
(48,'AMBO TOWN', 8), 
(49,'ARSI EAST', 8), 
(50,'ARSI WEST', 8), 
(51,'ASSELA TOWN', 8), 
(52,'BALE', 8), 
(53,'BATU TOWN', 8), 
(54,'BISHAN GURACHA', 8), 
(55,'BISHOFTU TOWN', 8), 
(56,'BORENA', 8), 
(57,'BUNO BEDELE', 8), 
(58,'BURAYU (FINFINE)', 8), 
(59,'DUKEM TOWN', 8), 
(60,'EAST BALE', 8), 
(61,'FINFINE ZURIYA', 8), 
(62,'GELAN', 8), 
(63,'GUJI', 8), 
(64,'HARARGIE EAST', 8), 
(65,'HARARGIE WEST', 8), 
(66,'HOLETA TOWN', 8), 
(67,'HORO GUDURU', 8), 
(68,'ILLUABABOR', 8), 
(69,'JIMMA', 8), 
(70,'JIMMA TOWN', 8), 
(71,'KELEM WELLEGA', 8), 
(72,'LEGETAFO', 8), 
(73,'MOJO TOWN', 8), 
(74,'NEKEMTE TOWN', 8), 
(75,'ROBE TOWN ADM.', 8), 
(76,'SEBETA', 8), 
(77,'SHASHEMENE TOWN', 8), 
(78,'SHOA EAST', 8), 
(79,'SHOA NORTH(OROMIA)', 8), 
(80,'SHOA SOUTH WEST', 8), 
(81,'SHOA WEST', 8), 
(82,'SULULTA', 8), 
(83,'WELLEGA EAST', 8), 
(84,'WELLEGA WEST', 8), 
(85,'WEST GUJI', 8), 
(86,'WOLISO TOWN', 8), 
(87,'HAWASSA TOWN', 9), 
(88,'SIDAMA', 9), 
(89,'AMARO', 10), 
(90,'BASKETO', 10), 
(91,'BENCH SHEKO', 10), 
(92,'BURJI SP.WEREDA', 10), 
(93,'DAWRO', 10), 
(94,'Dawuro', 10), 
(95,'DHERASHE SP.WEREDA', 10), 
(96,'ELIE SP.WEREDA', 10), 
(97,'GAMMO', 10), 
(98,'GEDEO', 10), 
(99,'GOFFA', 10), 
(100,'GURAGE', 10), 
(101,'HADEYA', 10), 
(102,'HALABA', 10), 
(103,'KAFA', 10), 
(104,'KEMBATA & TEMBARO', 10), 
(105,'KONSO', 10), 
(106,'KONTA', 10), 
(107,'OMO SOUTH', 10), 
(108,'SEGEN', 10), 
(109,'SHEKA', 10), 
(110,'SILTI', 10), 
(111,'WELAYITA', 10), 
(112,'WEST OMO', 10), 
(113,'YEM', 10), 
(114,'AFDER', 11), 
(115,'DAWA', 11), 
(116,'DOOLLO', 11), 
(117,'ERER', 11), 
(118,'FAAFAN', 11), 
(119,'JARAR', 11), 
(120,'LIIBAN', 11), 
(121,'NOGOB', 11), 
(122,'QORAXEY (KEBDI DAHAR)', 11), 
(123,'SHEBELE', 11), 
(124,'SITI', 11), 
(125,'Central', 12), 
(126,'Estern', 12), 
(127,'Mekele', 12), 
(128,'North West', 12), 
(129,'South  East', 12), 
(130,'Southern', 12), 
(131,'Western', 12);




Insert Into WOREDA
Values
(1,'10(ADDIS KETEMA)', 1), 
(2,'3(ADDIS KETEMA)', 1), 
(3,'5(ADDIS KETEMA)', 1), 
(4,'7(ADDIS KETEMA)', 1), 
(5,'8(ADDIS KETEMA)', 1), 
(6,'1(AKAKI KALITI)', 2), 
(7,'12(AKAKI KALITI)', 2), 
(8,'13(AKAKI KALITI)', 2), 
(9,'3(AKAKI KALITI)', 2), 
(10,'4(AKAKI KALITI)', 2), 
(11,'6(AKAKI KALITI)', 2), 
(12,'7(AKAKI KALITI)', 2), 
(13,'8(AKAKI KALITI)', 2), 
(14,'1(ARADA)', 3), 
(15,'2(ARADA)', 3), 
(16,'3(ARADA)', 3), 
(17,'4(ARADA)', 3), 
(18,'6(ARADA)', 3), 
(19,'7(ARADA)', 3), 
(20,'8(ARADA)', 3), 
(21,'9(ARADA)', 3), 
(22,'1(BOLE)', 4), 
(23,'12(BOLE)', 4), 
(24,'13(BOLE)', 4), 
(25,'14(BOLE)', 4), 
(26,'2(BOLE)', 4), 
(27,'3(BOLE)', 4), 
(28,'4(BOLE)', 4), 
(29,'5(BOLE)', 4), 
(30,'6(BOLE)', 4), 
(31,'7(BOLE)', 4), 
(32,'1(GULELLE)', 5), 
(33,'10(GULELLE)', 5), 
(34,'2(GULELLE)', 5), 
(35,'4(GULELLE)', 5), 
(36,'7(GULELLE)', 5), 
(37,'9(GULELLE)', 5), 
(38,'11(KIRKOS)', 6), 
(39,'2(KIRKOS)', 6), 
(40,'3(KIRKOS)', 6), 
(41,'4(KIRKOS)', 6), 
(42,'5(KIRKOS)', 6), 
(43,'8(KIRKOS)', 6), 
(44,'9(KIRKOS)', 6), 
(45,'1(KOLFE)', 7), 
(46,'12(KOLFE)', 7), 
(47,'13(KOLFE)', 7), 
(48,'14(KOLFE)', 7), 
(49,'15(KOLFE)', 7), 
(50,'2(KOLFE)', 7), 
(51,'3(KOLFE)', 7), 
(52,'4(KOLFE)', 7), 
(53,'5(KOLFE)', 7), 
(54,'6(KOLFE)', 7), 
(55,'8(KOLFE)', 7), 
(56,'9(KOLFE)', 7), 
(57,'', 7), 
(58,'10(LEDETA)', 8), 
(59,'4(LEDETA)', 8), 
(60,'9(LEDETA)', 8), 
(61,'13(LEMI KURA)', 9), 
(62,'14(LEMI KURA)', 9), 
(63,'2(LEMI KURA)', 9), 
(64,'5(LEMI KURA)', 9), 
(65,'8(LEMI KURA)', 9), 
(66,'9(LEMI KURA)', 9), 
(67,'1(NIFAS SILK LAFTO)', 10), 
(68,'12(NIFAS SILK LAFTO)', 10), 
(69,'13(NIFAS SILK LAFTO)', 10), 
(70,'2(NIFAS SILK LAFTO)', 10), 
(71,'3(NIFAS SILK LAFTO)', 10), 
(72,'4(NIFAS SILK LAFTO)', 10), 
(73,'6(NIFAS SILK LAFTO)', 10), 
(74,'9(NIFAS SILK LAFTO)', 10), 
(75,'', 10), 
(76,'10(YEKA)', 11), 
(77,'11(YEKA)', 11), 
(78,'12(YEKA)', 11), 
(79,'2(YEKA)', 11), 
(80,'5(YEKA)', 11), 
(81,'6(YEKA)', 11), 
(82,'7(YEKA)', 11), 
(83,'8(YEKA)', 11), 
(84,'9(YEKA)', 11), 
(85,'DALI FAGE', 12), 
(86,'DEWEE', 12), 
(87,'HADELELA', 12), 
(88,'SEMEROBI', 12), 
(89,'TELALAK', 12), 
(90,'EWA', 13), 
(91,'GOLINA', 13), 
(92,'TERU', 13), 
(93,'YALLO', 13), 
(94,'ADARE', 14), 
(95,'AFDA ATA', 14), 
(96,'CHIFRA', 14), 
(97,'DUBTI', 14), 
(98,'ELIDAR', 14), 
(99,'GEREMI', 14), 
(100,'MILLE', 14), 
(101,'SEMERA', 14), 
(102,'AMIBARA', 15), 
(103,'ARGOBA(AFAR)', 15), 
(104,'AWASH FENTALE', 15), 
(105,'AWASH KETEMA', 15), 
(106,'DULESA', 15), 
(107,'GELAALO', 15), 
(108,'GEWANE', 15), 
(109,'ABA ALLA', 16), 
(110,'AFDERA', 16), 
(111,'BERHALE', 16), 
(112,'DALLOL', 16), 
(113,'EREBTI', 16), 
(114,'KONEBA', 16), 
(115,'MEGALE', 16), 
(116,'ANKESHA', 17), 
(117,'AYEHUGUAGUSA', 17), 
(118,'BANEJA', 17), 
(119,'CHAGNI', 17), 
(120,'DANGILA', 17), 
(121,'DANGILA TOWN', 17), 
(122,'ENJIBARA', 17), 
(123,'FAGETALEKOMA', 17), 
(124,'FAGITA LEKOMA', 17), 
(125,'GUAGUSA SHIKUDAD', 17), 
(126,'GUAGUSA SHIKUDADE', 17), 
(127,'GUANEGUA', 17), 
(128,'JAWI', 17), 
(129,'ZIGEM', 17), 
(130,'BAHIR DAR', 18), 
(131,'BAHIR DAR', 19), 
(132,'DESSIE', 20), 
(133,'DESSIE TOWN', 20), 
(134,'WONBERA', 21), 
(135,'ANEDED', 22), 
(136,'AWABEL', 22), 
(137,'BASOLIBEN', 22), 
(138,'BIBUGN', 22), 
(139,'DEBAY TILAT GIN', 22), 
(140,'DEBRE ELIAS', 22), 
(141,'DEBRE MARKOS', 22), 
(142,'DEJEN', 22), 
(143,'ENARJ ENAWGA', 22), 
(144,'ENARJJ', 22), 
(145,'ENEBSE', 22), 
(146,'ENEBSIE SAR MIDER', 22), 
(147,'ENEMAY', 22), 
(148,'GONCHA', 22), 
(149,'GONCHA SISO ENESIE', 22), 
(150,'GOZAMIN', 22), 
(151,'HULET EJU ENESIE', 22), 
(152,'MACHAKEL', 22), 
(153,'MOTTA', 22), 
(154,'SEDE', 22), 
(155,'SENAN', 22), 
(156,'SHEBEL', 22), 
(157,'SHEBEL BERENTA', 22), 
(158,'SINAN', 22), 
(159,'BAHIR DAR ZURIYA', 23), 
(160,'BAHIR DAR(GOJJAM WEST)', 23), 
(161,'BAHR DAR ZURIA', 23), 
(162,'BURE CITY', 23), 
(163,'BURE ZURIA', 23), 
(164,'BUREI ZURIA', 23), 
(165,'BURIE CITY', 23), 
(166,'DEGA DAMOT', 23), 
(167,'DEMBECHA', 23), 
(168,'FENOTE SELAM', 23), 
(169,'GONJ QOLELA', 23), 
(170,'JABI TAHENANE', 23), 
(171,'NORTH ACHEFER', 23), 
(172,'NORTH MECHA', 23), 
(173,'QUARIT', 23), 
(174,'SEKELA', 23), 
(175,'SOUTH ACHEFER', 23), 
(176,'SOUTH ACHEFERE', 23), 
(177,'SOUTH MECHA', 23), 
(178,'WONBERA', 23), 
(179,'WONBERMA', 23), 
(180,'YELMANA DANSA', 23), 
(181,'ALEFA', 24), 
(182,'CENTERAL ARMACHOHO', 24), 
(183,'CHILGA NO 1', 24), 
(184,'EAST BELESA', 24), 
(185,'EAST DEMBIYA', 24), 
(186,'EST BELESA', 24), 
(187,'EST DEMBYA', 24), 
(188,'GONDER ZURIYA', 24), 
(189,'KINFAZE', 24), 
(190,'LAY ARMACHEHO', 24), 
(191,'NEBARU CHILGA', 24), 
(192,'TACH ARMACHEHO', 24), 
(193,'TAKUSA', 24), 
(194,'TSEGEDE(GONDAR CENTERAL)', 24), 
(195,'WEST BELESA', 24), 
(196,'WEST DEMBIYA', 24), 
(197,'WEST DEMBYA', 24), 
(198,'WOGERA', 24), 
(199,'DABAT', 25), 
(200,'ADARKAY', 26), 
(201,'BEYDA', 26), 
(202,'DABAT', 26), 
(203,'DEBARK', 26), 
(204,'JANAMORA', 26), 
(205,'TLEMET', 26), 
(206,'ANDABET', 27), 
(207,'DEBRETABOR', 27), 
(208,'DERA(GONDER SOUTH)', 27), 
(209,'EBINAT', 27), 
(210,'EBNAT', 27), 
(211,'ESTIE', 27), 
(212,'FARTA', 27), 
(213,'FOGERA', 27), 
(214,'GUNA BEGIEMIDER', 27), 
(215,'GUNA BEGIEMIDR', 27), 
(216,'LAY GAYINT', 27), 
(217,'LIBOKEMKEM', 27), 
(218,'LIBOKMEKME', 27), 
(219,'MEKETEWA', 27), 
(220,'SEDIE MUJA', 27), 
(221,'SIMADA', 27), 
(222,'TACHI GAYINT', 27), 
(223,'WORETA', 27), 
(224,'GONDER', 28), 
(225,'ABDERAFI', 29), 
(226,'ADAGN AGER CHAQO', 29), 
(227,'GELEGU', 29), 
(228,'KOKIT', 29), 
(229,'METEMA', 29), 
(230,'WEST ARMACHEHO', 29), 
(231,'ABDI BORU', 30), 
(232,'ARTUMA FURSSI', 30), 
(233,'BATI TOWN', 30), 
(234,'BATI WEREDA', 30), 
(235,'BORA (OROMIA AMHARA)', 30), 
(236,'DEWA CHEFA', 30), 
(237,'DEWE HAREWA', 30), 
(238,'JILLE TIMUGA', 30), 
(239,'KEMISSIE TOWN', 30), 
(240,'ALEM KETEMA', 31), 
(241,'ANKOBER', 31), 
(242,'ARERTI', 31), 
(243,'ATAYE', 31), 
(244,'BALCHI', 31), 
(245,'BASO ENA WERANA', 31), 
(246,'BASSO NA WORENA', 31), 
(247,'BEREHET', 31), 
(248,'BULGA', 31), 
(249,'CHACHA', 31), 
(250,'DEBRE BIREHAN', 31), 
(251,'DEBRE BIRHAN', 31), 
(252,'DEBRESINA', 31), 
(253,'DENEBA', 31), 
(254,'ENEWARI', 31), 
(255,'ENSARO', 31), 
(256,'GINAGER', 31), 
(257,'GISHERABEL', 31), 
(258,'HAGER MARIAM - KESEM', 31), 
(259,'KEWOT', 31), 
(260,'MAJETE', 31), 
(261,'MEHAL MEDA', 31), 
(262,'MEKOY', 31), 
(263,'MENZ GERA MIDIR', 31), 
(264,'MENZ KEYA GEBRIEL', 31), 
(265,'MENZ MAMA', 31), 
(266,'MEZEZO', 31), 
(267,'MIDA', 31), 
(268,'MIDA WEREMO', 31), 
(269,'MINJAR SHENKORA', 31), 
(270,'MORET ENA JIRU', 31), 
(271,'SELADINGAY', 31), 
(272,'SHEWAROBIT', 31), 
(273,'WEGERE', 31), 
(274,'ZEMERO', 31), 
(275,'ABERGELE(WAGHEMERA)', 32), 
(276,'DEHANA(WAGEHMRA)', 32), 
(277,'DEHANA(WAGHEMERA)', 32), 
(278,'GAZGIBLA', 32), 
(279,'SEHALA', 32), 
(280,'SEQOTA', 32), 
(281,'SEQOTA WOREDA', 32), 
(282,'SEQOTA ZURYA', 32), 
(283,'TSAGBJ', 32), 
(284,'TSETSEQA', 32), 
(285,'ZIQUALA', 32), 
(286,'ANGOT', 33), 
(287,'BUGNA', 33), 
(288,'DAWNT', 33), 
(289,'DAWUNT', 33), 
(290,'GAZO', 33), 
(291,'GIDAN', 33), 
(292,'GUBA LAFTO', 33), 
(293,'HABRU', 33), 
(294,'KOBO KETEMA', 33), 
(295,'LALIBELA KETEMA', 33), 
(296,'LASTA', 33), 
(297,'MEKET', 33), 
(298,'RAYA KOBO', 33), 
(299,'WADLA', 33), 
(300,'WOLDIA KETEMA', 33), 
(301,'WOLDIYA KETEMA', 33), 
(302,'ALBKO', 34), 
(303,'ALIBIKO', 34), 
(304,'AMBASEL', 34), 
(305,'ARGOBA(WOLLO SOUTH)', 34), 
(306,'BORENA', 34), 
(307,'BORENA (WOLLO SOUTH)', 34), 
(308,'DELANTA', 34), 
(309,'DESSIE ZURIA', 34), 
(310,'JAMA', 34), 
(311,'KALU', 34), 
(312,'KELALA', 34), 
(313,'KELELA', 34), 
(314,'KOMBOLCHA (WOLLO)', 34), 
(315,'KUTA BER', 34), 
(316,'KUTABER', 34), 
(317,'LEGAMBO', 34), 
(318,'LEGEHIDA', 34), 
(319,'LEGEHIDA (WOLLO)', 34), 
(320,'MEHAL SAYINT', 34), 
(321,'MEKDELA', 34), 
(322,'MEKIDELA', 34), 
(323,'SAYINT', 34), 
(324,'TEHULEDERIE', 34), 
(325,'TENTA', 34), 
(326,'WEGEDI', 34), 
(327,'WEGIDE', 34), 
(328,'WEREBABO', 34), 
(329,'WOREILU', 34), 
(330,'BAMBASI', 35), 
(331,'HOMOSHA', 35), 
(332,'MENGIE', 35), 
(333,'ODA BULDUGLU', 35), 
(334,'ASSOSA TOWN', 36), 
(335,'AGALO METI', 37), 
(336,'KAMASH', 37), 
(337,'SEDAL', 37), 
(338,'SOGE', 37), 
(339,'YASSO', 37), 
(340,'MAO KOMO', 38), 
(341,'BULLEN', 39), 
(342,'DANGUR', 39), 
(343,'DIBATIE', 39), 
(344,'GASESA', 39), 
(345,'GUBA', 39), 
(346,'MANDURA', 39), 
(347,'PAWI', 39), 
(348,'WOMBERA', 39), 
(349,'DIRE DAWA', 40), 
(350,'ABOBO', 41), 
(351,'DIMMA', 41), 
(352,'GAMBELLA(AGNUWA)', 41), 
(353,'GOG', 41), 
(354,'JOR', 41), 
(355,'GAMBELLA', 42), 
(356,'ITANG', 43), 
(357,'GODERE', 44), 
(358,'MENGESHI', 44), 
(359,'AKOBO', 45), 
(360,'JEKOW', 45), 
(361,'LARE', 45), 
(362,'MAKUEY', 45), 
(363,'WAYTHOA', 45), 
(364,'HAKIM', 46), 
(365,'HARARI', 46), 
(366,'ADAMA TOWN', 47), 
(367,'AMBO TOWN', 48), 
(368,'AMIGNA', 49), 
(369,'ASEKO', 49), 
(370,'BEKOJI TOWN', 49), 
(371,'BELE GESKAR', 49), 
(372,'CHOLE', 49), 
(373,'DIGALUNA TIJO', 49), 
(374,'DIKSIS', 49), 
(375,'DODOTA', 49), 
(376,'DOTA', 49), 
(377,'GOLOCHA(ARSI EAST)', 49), 
(378,'GOLOLCHA', 49), 
(379,'GUNA', 49), 
(380,'HETOSA', 49), 
(381,'HONKOLO WABE', 49), 
(382,'JEJU', 49), 
(383,'LEMUNA BILBILO', 49), 
(384,'LIMUNA BILBILO', 49), 
(385,'LODE HETOSA', 49), 
(386,'MERTI', 49), 
(387,'MUNESA', 49), 
(388,'ROBE', 49), 
(389,'SERU', 49), 
(390,'SHANAN KOLU', 49), 
(391,'SHIRKA', 49), 
(392,'SIRE', 49), 
(393,'SUDE', 49), 
(394,'TANA', 49), 
(395,'TARETA', 49), 
(396,'TIYO', 49), 
(397,'ZIWAY DUGDA', 49), 
(398,'ADABA', 50), 
(399,'AJE', 50), 
(400,'ARSI NEGELE', 50), 
(401,'DODOLA', 50), 
(402,'DODOLA TOWN', 50), 
(403,'GEDEB HASASA', 50), 
(404,'HEBEN ARSI', 50), 
(405,'KOFELE', 50), 
(406,'KOKOSA', 50), 
(407,'KORE', 50), 
(408,'NAGELE ARSI', 50), 
(409,'NEGELE TOWN', 50), 
(410,'NENESSEBO', 50), 
(411,'NENSEBO', 50), 
(412,'SHALLA', 50), 
(413,'SHASHEMENE', 50), 
(414,'SIRARO', 50), 
(415,'WONDO', 50), 
(416,'ASSELA TOWN', 51), 
(417,'AGARFA', 52), 
(418,'BERBARE', 52), 
(419,'DAWE QUACHEN', 52), 
(420,'DELLO MENA', 52), 
(421,'DINSHO', 52), 
(422,'GASERA', 52), 
(423,'GINNIR', 52), 
(424,'GINNIR TOWN', 52), 
(425,'GOBA', 52), 
(426,'GOBA TOWN', 52), 
(427,'GOLOCHA(BALE)', 52), 
(428,'GORO', 52), 
(429,'GURA DAMOLE', 52), 
(430,'HERENA BULKA', 52), 
(431,'LEGA HIDHA', 52), 
(432,'MEDA WALABU', 52), 
(433,'MEDE WELABU', 52), 
(434,'RAYTU', 52), 
(435,'SEWANA', 52), 
(436,'SINANA', 52), 
(437,'BATU TOWN', 53), 
(438,'BISHAN GURACHA', 54), 
(439,'BISHOFTU TOWN', 55), 
(440,'ARERO', 56), 
(441,'DHAS', 56), 
(442,'DILO', 56), 
(443,'DIRE', 56), 
(444,'DUBLUK', 56), 
(445,'ELWAYE', 56), 
(446,'GOMOLE', 56), 
(447,'MIYO', 56), 
(448,'MOYALE(BORENA)', 56), 
(449,'TELETELE', 56), 
(450,'TELTELE', 56), 
(451,'WACHILE', 56), 
(452,'YABELLO', 56), 
(453,'YABELO TOWN', 56), 
(454,'BEDELE', 57), 
(455,'BEDELE TOWN', 57), 
(456,'BEDELE WOREDA', 57), 
(457,'BORECHA', 57), 
(458,'CHEWAKA', 57), 
(459,'CHORA', 57), 
(460,'DABO HANA', 57), 
(461,'DABUANA', 57), 
(462,'DEGA', 57), 
(463,'DIDESA', 57), 
(464,'GECHI', 57), 
(465,'MEKO', 57), 
(466,'TITESA', 57), 
(467,'BURAYU (FINFINE)', 58), 
(468,'DUKEM TOWN', 59), 
(469,'DAWE QUACHEN', 60), 
(470,'DAWE SARAR', 60), 
(471,'GINNIR', 60), 
(472,'GINNIR TOWN', 60), 
(473,'GOLOCHA(BALE)', 60), 
(474,'LEGA HIDHA', 60), 
(475,'RAYTU', 60), 
(476,'SEWANA', 60), 
(477,'AKAKI', 61), 
(478,'BARAK', 61), 
(479,'MULO', 61), 
(480,'SANDAFA', 61), 
(481,'SEBETA', 61), 
(482,'SEBETA HAWAS', 61), 
(483,'SENDAFA', 61), 
(484,'SULULTA', 61), 
(485,'SULULTA(FINFINE ZURIYA)', 61), 
(486,'WALMARA', 61), 
(487,'WOLMERA', 61), 
(488,'GELAN', 62), 
(489,'ADO SHAKISO', 63), 
(490,'ADOLA REDE', 63), 
(491,'ADOLA WAYU TOWN', 63), 
(492,'ADOLA WOYU', 63), 
(493,'AGA WAYU', 63), 
(494,'ANA SORA', 63), 
(495,'BORE', 63), 
(496,'DAMA', 63), 
(497,'GIRJA', 63), 
(498,'GORO DOLA', 63), 
(499,'GORODOLA', 63), 
(500,'GUMI ELDELO', 63), 
(501,'HARO WALABU', 63), 
(502,'NEGELE TOWN', 63), 
(503,'ODO SHAKISO', 63), 
(504,'SABA BORU', 63), 
(505,'SEBA BORU', 63), 
(506,'SHAKISO TOWN', 63), 
(507,'URAGA', 63), 
(508,'WADERA', 63), 
(509,'AWEDAY TOWN', 64), 
(510,'BABILE', 64), 
(511,'BABILE TOWN', 64), 
(512,'BABILE(HARARGIE EAST)', 64), 
(513,'BEDENO', 64), 
(514,'CHINAKSEN', 64), 
(515,'DEDER', 64), 
(516,'DEDER TOWN', 64), 
(517,'FEDIS', 64), 
(518,'GERAWA', 64), 
(519,'GIRAWA', 64), 
(520,'GOLE ODA', 64), 
(521,'GORO GUTU', 64), 
(522,'GORO MUTI', 64), 
(523,'GOROGUTU', 64), 
(524,'GURSUM', 64), 
(525,'GURSUM(HARARGIE EAST)', 64), 
(526,'HARAMAYA', 64), 
(527,'HARAMAYA TOWN', 64), 
(528,'HAREMAYA', 64), 
(529,'HAREMAYA TOWN', 64), 
(530,'JARSO', 64), 
(531,'KERSA', 64), 
(532,'KOBOLCHA', 64), 
(533,'KOMBOLCHA', 64), 
(534,'KUMBI', 64), 
(535,'KURFA CHALE', 64), 
(536,'KURFACHELE', 64), 
(537,'MELKA BELO', 64), 
(538,'METTA', 64), 
(539,'MEYU', 64), 
(540,'MIDEGA TOLA', 64), 
(541,'MIDEGATOLA', 64), 
(542,'ANCHAR', 65), 
(543,'ANCHER', 65), 
(544,'ARBE BORDODE', 65), 
(545,'BEDESA TOWN', 65), 
(546,'BOKE', 65), 
(547,'BURKA DINTU', 65), 
(548,'CHIRO', 65), 
(549,'CHIRO TOWN', 65), 
(550,'DARO LEBU', 65), 
(551,'DOBA', 65), 
(552,'GEMECHIS', 65), 
(553,'GUBA KORICHA', 65), 
(554,'GUMBI BORDODE', 65), 
(555,'HABRO', 65), 
(556,'HAWI GUDINA', 65), 
(557,'HAWI GUDINE', 65), 
(558,'MIESO', 65), 
(559,'MIESSO', 65), 
(560,'ODA BULTUM', 65), 
(561,'SHENEN DUGO', 65), 
(562,'SHENENEN DUGO', 65), 
(563,'TULO', 65), 
(564,'HOLETA TOWN', 66), 
(565,'ABE  DONGORO', 67), 
(566,'ABE DONGORO', 67), 
(567,'ABEY CHOMEN', 67), 
(568,'ABEYI CHOMAN', 67), 
(569,'AMURU', 67), 
(570,'CHOMEN  GUDURU', 67), 
(571,'GUDURU', 67), 
(572,'HABABO  GUDURU', 67), 
(573,'HABABOGUDURU', 67), 
(574,'HOROBULUK', 67), 
(575,'HORRO', 67), 
(576,'HORRO  BULUK', 67), 
(577,'JARDEGA  JARTE', 67), 
(578,'JARDEGA JARTE', 67), 
(579,'JIMMA  GENETI', 67), 
(580,'JIMMA  RARE', 67), 
(581,'JIMMA BARE', 67), 
(582,'JIMMA GENCTI', 67), 
(583,'SHAMBU  TOWN', 67), 
(584,'SHAMBU TOWN', 67), 
(585,'ALE', 68), 
(586,'ALGE SACHI', 68), 
(587,'BACHO', 68), 
(588,'BECHO(ILLUABABOR)', 68), 
(589,'BILO NOPA', 68), 
(590,'BILONOPA', 68), 
(591,'BURE', 68), 
(592,'DARIMU', 68), 
(593,'DARIMUU', 68), 
(594,'DIDU', 68), 
(595,'DORENI', 68), 
(596,'HALU', 68), 
(597,'HURUMU', 68), 
(598,'MATU', 68), 
(599,'METTU TOWN', 68), 
(600,'METU', 68), 
(601,'METU TOWN', 68), 
(602,'NONO SALE', 68), 
(603,'NONOSALE', 68), 
(604,'YAYO', 68), 
(605,'AGARO', 69), 
(606,'AGARO TOWN', 69), 
(607,'BOTOR TOLAY', 69), 
(608,'CHORA BOTOR', 69), 
(609,'DEDO', 69), 
(610,'GERA', 69), 
(611,'GOMA', 69), 
(612,'GOMMA', 69), 
(613,'GUMAY', 69), 
(614,'KERSA', 69), 
(615,'LIMU KOSA', 69), 
(616,'LIMU SAKA', 69), 
(617,'LIMU SEKA', 69), 
(618,'MANA', 69), 
(619,'MENCHO', 69), 
(620,'NONO BENGA', 69), 
(621,'NONO BENJA', 69), 
(622,'OMO BEYAM', 69), 
(623,'OMO NADA', 69), 
(624,'SEKA CHEKORSA', 69), 
(625,'SEKA CHOKORSA', 69), 
(626,'SEKORU', 69), 
(627,'SERBO', 69), 
(628,'SETEMA', 69), 
(629,'SHABE SOMBO', 69), 
(630,'SHEBE SOMBO', 69), 
(631,'SIGMO', 69), 
(632,'TIRO AFATA', 69), 
(633,'TIRO AFETA', 69), 
(634,'JIMMA TOWN', 70), 
(635,'ANFILO', 71), 
(636,'DALE SADI', 71), 
(637,'DALE WABARA', 71), 
(638,'DALE WABERA', 71), 
(639,'DEMBI DOLO', 71), 
(640,'DEMBIDOLO', 71), 
(641,'GAWO KEBE', 71), 
(642,'GIDAME', 71), 
(643,'GIDAMI', 71), 
(644,'HAWA GELAN', 71), 
(645,'JIMMA HORO', 71), 
(646,'JIMMA TIBE', 71), 
(647,'LALO KILE', 71), 
(648,'SEGEN CHANKA', 71), 
(649,'SEYO(KELEM WELLEGA)', 71), 
(650,'YAMALAGI WALAL', 71), 
(651,'YEMALOG WOLEL', 71), 
(652,'LEGETAFO', 72), 
(653,'MOJO TOWN', 73), 
(654,'NEKEMTE TOWN', 74), 
(655,'ROBE TOWN ADM.', 75), 
(656,'SEBETA TOWN', 76), 
(657,'SHASHEMENE TOWN', 77), 
(658,'ADAMA', 78), 
(659,'ADAMI TULU', 78), 
(660,'ADAMT TULU', 78), 
(661,'BORA', 78), 
(662,'BOSET', 78), 
(663,'DUGDA', 78), 
(664,'FENTALE', 78), 
(665,'GUMBICHU', 78), 
(666,'LIBEN', 78), 
(667,'LUME', 78), 
(668,'METEHAR', 78), 
(669,'ABICHU GNA', 79), 
(670,'ALELTU', 79), 
(671,'DEBRE LIBANOS', 79), 
(672,'DEGEM', 79), 
(673,'DERA', 79), 
(674,'DERA(OROMIA)', 79), 
(675,'FITCHE TOWN', 79), 
(676,'GIRAR JARSO', 79), 
(677,'HIDEBU ABOTE', 79), 
(678,'JIDA', 79), 
(679,'KIMBIBIT', 79), 
(680,'KUYU', 79), 
(681,'WERE JARSO', 79), 
(682,'WUCHALE', 79), 
(683,'YAYA GULALE', 79), 
(684,'AMEYA', 80), 
(685,'BECHO(SHOA SOUTH WEST)', 80), 
(686,'DACHI', 80), 
(687,'DAWO', 80), 
(688,'GORO', 80), 
(689,'ILU', 80), 
(690,'KERSA MALIMA', 80), 
(691,'SEDEN SODO', 80), 
(692,'TOLE', 80), 
(693,'WELISO', 80), 
(694,'WENCHI', 80), 
(695,'WOLISO', 80), 
(696,'WONCHI', 80), 
(697,'ABUNA GINDEBERET', 81), 
(698,'ADEA BERGA', 81), 
(699,'BAKO TIBE', 81), 
(700,'CHALIYA', 81), 
(701,'CHELIYA', 81), 
(702,'CHOBI', 81), 
(703,'DANO', 81), 
(704,'DENDI', 81), 
(705,'DIRE ENCHINI', 81), 
(706,'DIRE INCHINI', 81), 
(707,'EJERE', 81), 
(708,'EJERSA LEFO', 81), 
(709,'ELEFATA', 81), 
(710,'ELFETA', 81), 
(711,'ELUGELAN', 81), 
(712,'GINDEBERET', 81), 
(713,'JELDU', 81), 
(714,'JIBAT', 81), 
(715,'LIBEN JAWI', 81), 
(716,'META ROBI', 81), 
(717,'META WALKITE', 81), 
(718,'META WOLKITIE', 81), 
(719,'METAROBI', 81), 
(720,'MIDA KEGN', 81), 
(721,'MIDAKEGN', 81), 
(722,'NONO', 81), 
(723,'SEYO(SHOA WEST)', 81), 
(724,'TOKE KUTAYE', 81), 
(725,'SULULTA', 82), 
(726,'BONAYYAA BOSHE', 83), 
(727,'BONEYA BOSHE', 83), 
(728,'DIGA', 83), 
(729,'EBANTU', 83), 
(730,'GIDA AYANA', 83), 
(731,'GOBU SAYO', 83), 
(732,'GOBU SEYO', 83), 
(733,'GUDAYA BILA', 83), 
(734,'GUDEYA BILA', 83), 
(735,'GUTO GIDA', 83), 
(736,'HARO LIMU', 83), 
(737,'IBANTU', 83), 
(738,'JIMA  ARJO', 83), 
(739,'JIMA ARJO', 83), 
(740,'KIRAMU', 83), 
(741,'KIREMU', 83), 
(742,'LEKA DULACHA', 83), 
(743,'LIMU', 83), 
(744,'NUNU KUMBA', 83), 
(745,'SASIGA', 83), 
(746,'SIBU SIRE', 83), 
(747,'WAMA HAGALO', 83), 
(748,'WAYU TUKA', 83), 
(749,'AYIRA', 84), 
(750,'BABO GEMBEL', 84), 
(751,'BEGHI', 84), 
(752,'BEGI', 84), 
(753,'BIFTU AIRA', 84), 
(754,'BOJI CHEKORSA', 84), 
(755,'BOJI CHOKORSA', 84), 
(756,'BOJI DERMEJI', 84), 
(757,'GENJI', 84), 
(758,'GIMBI', 84), 
(759,'GIMBI TOWN', 84), 
(760,'GULISO', 84), 
(761,'GUY', 84), 
(762,'HOMA', 84), 
(763,'JARSO', 84), 
(764,'JARSO WOLLEGA', 84), 
(765,'KILTU KARA', 84), 
(766,'KONDALA', 84), 
(767,'LALO ASABI', 84), 
(768,'MENDI', 84), 
(769,'MENDI TOWN', 84), 
(770,'MENE SIBU', 84), 
(771,'METESIBU', 84), 
(772,'NEJO', 84), 
(773,'NEJO TOWN', 84), 
(774,'NOLE KABA', 84), 
(775,'NOLEKABA', 84), 
(776,'SENA GENJI', 84), 
(777,'SEYO NOLE', 84), 
(778,'SEYONOLE', 84), 
(779,'YOUBDO', 84), 
(780,'YUBDO', 84), 
(781,'ABAYA', 85), 
(782,'AMBELA WAMENA', 85), 
(783,'BIRBIRSA KOJOWA', 85), 
(784,'BULE HORA TOWN', 85), 
(785,'BULEHORA', 85), 
(786,'DUGDA DAWA', 85), 
(787,'GALANA', 85), 
(788,'GELANA', 85), 
(789,'HAMBELA WAMENA', 85), 
(790,'KERCHA', 85), 
(791,'MALKA SODA', 85), 
(792,'MELKA SODA', 85), 
(793,'SURO BARGUDA', 85), 
(794,'WOLISO TOWN', 86), 
(795,'HAWASSA CITY ADM.', 87), 
(796,'ALETA WONDO', 88), 
(797,'ALETA WONDO TOWN', 88), 
(798,'ARBEGONA', 88), 
(799,'ARORESA', 88), 
(800,'BANSA', 88), 
(801,'BENSA', 88), 
(802,'BILATE ZURIYA', 88), 
(803,'BONA', 88), 
(804,'BORICHA', 88), 
(805,'BURRA', 88), 
(806,'BURSA', 88), 
(807,'CABBE GAMBELTU', 88), 
(808,'CHIRE', 88), 
(809,'CHIRONE', 88), 
(810,'CHUKO', 88), 
(811,'DARA', 88), 
(812,'DARA OTILCHO', 88), 
(813,'DARARA', 88), 
(814,'GORCHE', 88), 
(815,'HAWASSA ZURIYA', 88), 
(816,'HOKO', 88), 
(817,'HULA WOREDA', 88), 
(818,'HULLA', 88), 
(819,'LEKU', 88), 
(820,'LOKA ABAYA', 88), 
(821,'MALGA', 88), 
(822,'SHAFAMO', 88), 
(823,'SHEBEDINO', 88), 
(824,'TETICHA', 88), 
(825,'WONDO GENET', 88), 
(826,'WONDO GENET TOWN', 88), 
(827,'YIRGALEM', 88), 
(828,'YIRGALEM KETEMA', 88), 
(829,'AMARO', 89), 
(830,'KELE', 89), 
(831,'KELLE TOWN', 89), 
(832,'BASKETO', 90), 
(833,'LASKA', 90), 
(834,'B.MAJI CITY ADM.', 91), 
(835,'DEBUB-BENCH', 91), 
(836,'GIDI-BENCH', 91), 
(837,'GURA FERDA', 91), 
(838,'GURAFERDA', 91), 
(839,'MIZAN AMAN', 91), 
(840,'SEMEN-BENCH', 91), 
(841,'SHEKO', 91), 
(842,'SHEWA-BENCH', 91), 
(843,'SHEY BENCH', 91), 
(844,'SOYAMA', 92), 
(845,'DISA', 93), 
(846,'ESERA', 93), 
(847,'ESSERA', 93), 
(848,'GENA', 93), 
(849,'KECHI', 93), 
(850,'LOMA BOSA', 93), 
(851,'MAREKA', 93), 
(852,'MARI MANSA', 93), 
(853,'MARIMANSA', 93), 
(854,'TARCHA ZURIA', 93), 
(855,'TERCHA', 93), 
(856,'TOCHA', 93), 
(857,'ZABA GAZO', 93), 
(858,'ESSERA', 94), 
(859,'KECHI', 94), 
(860,'TARCH K/ASTE', 94), 
(861,'DERASHE', 95), 
(862,'GIDOLE', 95), 
(863,'GIDOLE TOWN', 95), 
(864,'WOLANGO', 96), 
(865,'A/MINCH CITY AD.', 97), 
(866,'A/MINCH ZURIYA', 97), 
(867,'ARBA MINCH TOWN', 97), 
(868,'ARBA MINCH ZURIA', 97), 
(869,'BONKE', 97), 
(870,'BOREDA', 97), 
(871,'CHENCHA CITY AD.', 97), 
(872,'CHENCHA ZURIA', 97), 
(873,'DARA MALO', 97), 
(874,'DARAMALO', 97), 
(875,'DITA', 97), 
(876,'GACCHO BABA', 97), 
(877,'GACHO BABA', 97), 
(878,'GARDA MARTA', 97), 
(879,'GERESIE', 97), 
(880,'KAMBA ZURIA', 97), 
(881,'KEMBA', 97), 
(882,'KOGOTA', 97), 
(883,'KUCHA', 97), 
(884,'KUCHA ALIFA', 97), 
(885,'MERABABAYA', 97), 
(886,'MIRAB ABAYA', 97), 
(887,'SELAMBER CITY AD.', 97), 
(888,'BULE', 98), 
(889,'BULE(GEDEO)', 98), 
(890,'CHORSO WERDA', 98), 
(891,'DILLA CITY', 98), 
(892,'DILLA TOWN', 98), 
(893,'DILLA ZUIRIA', 98), 
(894,'GEDEB', 98), 
(895,'GEDEB WORDA', 98), 
(896,'KOCHERE', 98), 
(897,'KOCHORE WORDA', 98), 
(898,'RAPE WORDA', 98), 
(899,'WONAGO', 98), 
(900,'YIRGA CHEFIE CITY', 98), 
(901,'YIRGACHAF WORDA', 98), 
(902,'BULKI', 99), 
(903,'Demba Gofa', 99), 
(904,'DEMBAGOFA', 99), 
(905,'Geze Gofa', 99), 
(906,'MELOKOZA', 99), 
(907,'OYDA', 99), 
(908,'Sawla', 99), 
(909,'SAWULA', 99), 
(910,'U/D/Tsehay', 99), 
(911,'UBADEBRETSEHAY', 99), 
(912,'ZALA', 99), 
(913,'ABESHGE', 100), 
(914,'ABESHIGE', 100), 
(915,'BUTAJIRA', 100), 
(916,'CHEHA', 100), 
(917,'ENDEGAGN', 100), 
(918,'ENEMOR', 100), 
(919,'ENEMOR AND ENER', 100), 
(920,'ENOR ENER', 100), 
(921,'EZHA', 100), 
(922,'G/G/W', 100), 
(923,'G/Gu/w', 100), 
(924,'GETA', 100), 
(925,'GETO QUANTE', 100), 
(926,'GUMER', 100), 
(927,'KEBENA', 100), 
(928,'M/AKILIL', 100), 
(929,'MAREKO', 100), 
(930,'MESIKAN', 100), 
(931,'MESKAN', 100), 
(932,'MUHUR AKILIL', 100), 
(933,'SODO', 100), 
(934,'SODO(GURAGE)', 100), 
(935,'SOUTH  SODO', 100), 
(936,'WOLIKITE', 100), 
(937,'WOLKITE', 100), 
(938,'AMEKA', 101), 
(939,'ANALEMO', 101), 
(940,'ANLEMO', 101), 
(941,'DUNA', 101), 
(942,'EST/BADEWACHO', 101), 
(943,'GIBE', 101), 
(944,'GIMBICHU', 101), 
(945,'GOMBORA', 101), 
(946,'GONBORA', 101), 
(947,'HOSANEA', 101), 
(948,'HOSSANA TOWN', 101), 
(949,'JAJURA', 101), 
(950,'LEMO', 101), 
(951,'MEA. SORO', 101), 
(952,'MEA.BADEWACHO', 101), 
(953,'MIS.BADEWA', 101), 
(954,'MISHA', 101), 
(955,'SHASHEGO', 101), 
(956,'SHASHOGO', 101), 
(957,'SHONE', 101), 
(958,'SHONE TOWN', 101), 
(959,'SIRARO BADEWACHO', 101), 
(960,'SORO', 101), 
(961,'WEST SORO', 101), 
(962,'WST/ BADEWACHO', 101), 
(963,'ATOTIULO', 102), 
(964,'HALABA', 102), 
(965,'HALABA TOWN', 102), 
(966,'WOYRA', 102), 
(967,'WOYRA DIJO', 102), 
(968,'ADIYO', 103), 
(969,'BITA', 103), 
(970,'BONGA', 103), 
(971,'CHENA', 103), 
(972,'CHETA', 103), 
(973,'DECHA', 103), 
(974,'GESHA', 103), 
(975,'GEWATA', 103), 
(976,'GIMBO', 103), 
(977,'GOBA', 103), 
(978,'SAYLEM', 103), 
(979,'SHISHOINDE', 103), 
(980,'SHISHONDE', 103), 
(981,'TELO', 103), 
(982,'WACHA TOWN', 103), 
(983,'ADILO', 104), 
(984,'ANGACHA', 104), 
(985,'ANGECHA', 104), 
(986,'DAMBOYA', 104), 
(987,'DOYOGENA', 104), 
(988,'DURAME', 104), 
(989,'HADERO', 104), 
(990,'HADERO TUNTO', 104), 
(991,'HADERONA TUNTO', 104), 
(992,'KACHA BIRA', 104), 
(993,'KACHABIRA', 104), 
(994,'KEDIDA', 104), 
(995,'MISHA', 104), 
(996,'SHINSHICHO', 104), 
(997,'TEMBARAO', 104), 
(998,'TEMBARO', 104), 
(999,'KARAT', 105), 
(1000,'KARAT ZURIA', 105);



--**********************************************************************************************-
/* Employees_address */
--**********************************************************************************************-

	insert into Employees_address values ('A0001','E0001','1','1635')
	insert into Employees_address values ('A0002','E0002','3','4856')
	insert into Employees_address values ('A0003','E0003','5','8077')
	insert into Employees_address values ('A0004','E0004','2','11298')
	insert into Employees_address values ('A0005','E0005','3','14519')
	insert into Employees_address values ('A0006','E0006','6','17740')
	insert into Employees_address values ('A0007','E0007','3','20961')
	insert into Employees_address values ('A0008','E0008','3','24182')
	insert into Employees_address values ('A0009','E0009','7','27403')
	insert into Employees_address values ('A0010','E0010','4','30624')
	insert into Employees_address values ('A0011','E0011','3','33845')
	insert into Employees_address values ('A0012','E0012','8','37066')
	insert into Employees_address values ('A0013','E0013','5','40287')
	insert into Employees_address values ('A0014','E0014','3','43508')
	insert into Employees_address values ('A0015','E0015','9','46729')
	insert into Employees_address values ('A0016','E0016','6','49950')
	insert into Employees_address values ('A0017','E0017','3','53171')
	insert into Employees_address values ('A0018','E0018','10','56392')
	insert into Employees_address values ('A0019','E0019','7','59613')
	insert into Employees_address values ('A0020','E0020','3','62834')
	insert into Employees_address values ('A0021','E0021','11','66055')
	insert into Employees_address values ('A0022','E0022','8','69276')
	insert into Employees_address values ('A0023','E0023','3','72497')
	insert into Employees_address values ('A0024','E0024','12','75718')
	insert into Employees_address values ('A0025','E0025','9','78939')
	insert into Employees_address values ('A0026','E0026','3','82160')
	insert into Employees_address values ('A0027','E0027','13','85381')
	insert into Employees_address values ('A0028','E0028','10','88602')
	insert into Employees_address values ('A0029','E0029','3','91823')
	insert into Employees_address values ('A0030','E0030','14','95044')

	SELECT* FROM Employees_address;



--**********************************************************************************************-
/* Training_programs */
--**********************************************************************************************-


	INSERT INTO Training_programs VALUES('1','d001','Sales Training','2022-01-19','2022-01-25') 
	INSERT INTO Training_programs VALUES('2','d002','Sales Training','2022-01-20','2022-01-26') 
	INSERT INTO Training_programs VALUES('3','d003','Team Training','2022-01-21','2022-01-27') 
	INSERT INTO Training_programs VALUES('4','d004','Technical Training','2022-01-22','2022-01-28') 
	INSERT INTO Training_programs VALUES('5','d005','Quality Assurance (Q/A) Training','2022-01-23','2022-01-29') 
	INSERT INTO Training_programs VALUES('6','d006','Sales Training','2022-01-24','2022-01-30') 
	INSERT INTO Training_programs VALUES('7','d007','Technical Training','2022-01-25','2022-01-31') 

	SELECT* FROM Training_programs
	DELETE  FROM Training_programs
  


	
--**********************************************************************************************-
/* Candidates */
--**********************************************************************************************-


	INSERT INTO Candidates VALUES('C0001','SURAFEL','MELAKU','MEKONNEN','M','4.0','2000-03-18','Ethiopian','J0024','BA','2022-07-21')
	INSERT INTO Candidates VALUES('C0002','ADANE','BEKELE','BANBURO','M','3.9','2000-03-19','Ethiopian','J0023','BA','2022-07-22')
	INSERT INTO Candidates VALUES('C0003','TSEGAYE','ALEMU','METKU','M','3.7','2000-03-20','Ethiopian','J0022','BA','2022-07-23')
	INSERT INTO Candidates VALUES('C0004','MIKIYAS','SHEMELIS','ACHAME','M','3.5','2000-03-21','Ethiopian','J0021','MA','2022-07-24')
	INSERT INTO Candidates VALUES('C0005','TEJU','MAMO','TESHAGER','F','3.5','2000-03-22','Ethiopian','J0020','MA','2022-07-25')
	INSERT INTO Candidates VALUES('C0006','MULUGETA','TESEMA','AGZANI','M','3.5','2000-03-23','Ethiopian','J0019','MA','2022-07-26')
	INSERT INTO Candidates VALUES('C0007','TEMESGEN','ASEFA','ABEBE','M','3.3','2000-03-24','Ethiopian','J0018','MA','2022-07-27')
	INSERT INTO Candidates VALUES('C0008','SINTAYEHU','BEYENE','BAYU','F','3.2','2000-03-25','Ethiopian','J0017','MA','2022-07-28')
	INSERT INTO Candidates VALUES('C0009','DIGAFE','TOLA','FEYISA','M','3.7','2000-03-26','Ethiopian','J0016','BA','2022-07-21')
	INSERT INTO Candidates VALUES('C0010','YONATAN','GETU','BELAYNEH','M','3.7','1990-12-27','Ethiopian','J0015','MA','2022-07-22')
	INSERT INTO Candidates VALUES('C0011','SOLOME','TADELE','WODAJO','F','3.2','1990-12-28','Ethiopian','J0014','BA','2022-07-23')
	INSERT INTO Candidates VALUES('C0012','BEREKET','TESFAYE','KEBEDE','F','3.2','1990-12-29','Ethiopian','J0013','BA','2022-07-24')


	SELECT* FROM Candidates
	DELETE  FROM Candidates




	
--**********************************************************************************************-
/* Dependents */
--**********************************************************************************************-

	INSERT INTO Dependents VALUES('1','E0001','MOHAMMED','ZELALEM','MANDEFRO','M','son')
	INSERT INTO Dependents VALUES('2','E0002','MIKAEL','EMEBET','WORKU','M','son')
	INSERT INTO Dependents VALUES('3','E0003','MERIEM','YARED','SEMA','F','Daughter')
	INSERT INTO Dependents VALUES('4','E0004','KEBRET','YOSEPH','TADELE','F','spouse')
	INSERT INTO Dependents VALUES('5','E0005','YONATAN','MENGISTU','ENDALAMAW','M','spouse')
	INSERT INTO Dependents VALUES('6','E0006','TEWODROS','FRANCHISCOS','MATEWOS','M','spouse')
	INSERT INTO Dependents VALUES('7','E0007','AMANUAL','DURESA','MOTI','M','spouse')
	INSERT INTO Dependents VALUES('8','E0008','EBRAHIM','SIMALE','BERCHU','F','spouse')
	INSERT INTO Dependents VALUES('9','E0009','HABTAMU','NEBIYU','AYDAGNUHIM','M','spouse')
	INSERT INTO Dependents VALUES('10','E0010','HELINA','MUBAREK','TAHIR','F','spouse')
	INSERT INTO Dependents VALUES('11','E0011','KALEAB','REDIET','FELEHA','M','spouse')
	INSERT INTO Dependents VALUES('12','E0012','TARIKU','ABEBE','FREW','M','spouse')
	INSERT INTO Dependents VALUES('13','E0013','ABENEZER','YOHANES','HAILU','F','spouse')
	INSERT INTO Dependents VALUES('14','E0014','BIRUK','ABEBAYTU','ABEBE','M','spouse')
	INSERT INTO Dependents VALUES('15','E0015','YIDEG','BILISUMA','YONAS','F','spouse')
	INSERT INTO Dependents VALUES('16','E0016','HENOK','SIMACHEW','AYANA','M','spouse')
	INSERT INTO Dependents VALUES('17','E0017','SELAHDIN','MINTESNOT','FIKRE','F','daughters')
	INSERT INTO Dependents VALUES('18','E0018','AMIR','MARTA','ASSEFA','F','daughters')
	INSERT INTO Dependents VALUES('19','E0019','KIRUBEL','YORDANOS','WULETAW','F','daughters')
	INSERT INTO Dependents VALUES('20','E0020','BAMLAKU','LIDETU','BEKELE','F','daughters')
	INSERT INTO Dependents VALUES('21','E0021','ABDELLA','NATHAN','SOLOMON','M','son')
	INSERT INTO Dependents VALUES('22','E0022','YEGARDU','MEKIBEB','MEKONNEN','M','son')
	INSERT INTO Dependents VALUES('23','E0023','HACHALU','ESAYAS','ASHENAFI','M','son')
	INSERT INTO Dependents VALUES('24','E0024','YOSTENA','HAWI','DINSA','F','daughter')
	INSERT INTO Dependents VALUES('25','E0025','MINTESNOT','ARJNA','DANIEL','M','son')
	INSERT INTO Dependents VALUES('26','E0026','DANIEL','ABRAHAM','DEMEKE','M','son')
	INSERT INTO Dependents VALUES('27','E0027','TSEGAY','ABRHAM','TESFAYE','F','daughters')
	INSERT INTO Dependents VALUES('28','E0028','YEROSEN','EDENN','GEBRE','F','daughters')
	INSERT INTO Dependents VALUES('29','E0029','TSEGAYE','MINETESNOT','ZELEKE','F','daughters')
	INSERT INTO Dependents VALUES('30','E0030','NEBYU','TADESE','ENDALEW','F','daughters')


	SELECT* FROM Dependents
	DELETE  FROM Dependents
